Hello,"Yes, how may I help you?"
Hi%20there,Oh hey!
Can%20you%20help%20me%20with%20Clearing?,"Yes, how may I help you?"
Hello,"Yes, how may I help you?"
Hello,"Yes, how may I help you?"
Hello,"Yes, how may I help you?"
Hello,"Yes, how may I help you?"
Hello,Hi there!
Hello,Hi there!
Hi,Oh hey!
Can%20you%20help%20me,"Yes, how may I help?"
about%20clearing,"Yes, how may I help you?"
Are%20you%20able%20to%20connect%20me%20with%20the%20universities%20offering%20Clearing%20positions?,Hello there!
Hello,Hello there!
Hello,Hello there!
hi,What?
can%20you%20help%20me%20please?,How may I help you?
Can%20you%20help%20me%20with%20clearing?,How may I help you?
What%20is%20clearing,You can typically contact the university admissions office by phone or email to discuss changing your mind about a Clearing offer. Be sure to have your UCAS Personal ID and Clearing number ready when contacting them.
Hello,"Yes, how may I help?"
Hello%20there,Is there a different way you can ask that?
Hello,Hello there!
Can%20you%20speak%20french?,I know some basics.
Hello,Hello there!
Hello,Hello there!
whats%20your%20name,My name is Hilman.
do%20you%20like%20me,"Yes, how may I help?"
can%20you%20speak%20french,I know some basics.
Hello,Hello there!
Hello,Hello there!
Hello,Hello there!
are%20there%20any%20fees?,"There are no additional fees for using UCAS Clearing. However, standard application fees may apply when applying to universities through UCAS."
Hello,Hello there!
hello%20?,Hello there!
Hello,Hello there!
Nothing,What?
Hello,Hello there!
helo,"Yes, how may I help?"
Hello,Hello there!
testing,What's up?
Hello,Hello there!
test,"To find UCAS events, simply follow this link: <a href=""User
https://www.ucas.com/ucas-events""> UCAS Event</a>. You'll discover a list of upcoming events and how to register."
Hello,Hello there!
hello,Hello there!
Hello,Hello there!
Hello,Hello there!
test,"To find UCAS events, simply follow this link: <a href=""User
https://www.ucas.com/ucas-events""> UCAS Event</a>. You'll discover a list of upcoming events and how to register."
Hello,Hello there!
test,"To find UCAS events, simply follow this link: <a href=""User
https://www.ucas.com/ucas-events""> UCAS Event</a>. You'll discover a list of upcoming events and how to register."
Hello,Hello there!
Hello,Hello there!
Hello,Hello there!
Hello,Hello there!
Hello,Hello there!
Hello,Hello there!
Hello,Hello there!
Hello,Hello there!
Hello,Hello there!
Hello,Hello there!
Hello,Hello there!
Hello,Hello there!
Hello,Hello there!
Hello,Hello there!
Hello,Hello there!
hello,Hello there!
Hello,Hello there!
Hello,Hello there!
Hello,Hello there!
Hello,Hello there!
Hello,Hello there!
Hello,Hello there!
Hello,Hello there!
Hello,Hello there!
Hello,Hello there!
Hello,Hello there!
Hello,Hello there!
HellO,Hello there!
Whats%20your%20name?,My name is Hilman.
Hello,Hello there!
Hello,Hello there!
Hello,Hello there!
Hello,Hello there!
Hello,Hello there!
Hello,Hello there!
Hello,Hello there!
Hello,Hello there!
Hello,Hello there!
Hey,Hello!
test,"To find UCAS events, simply follow this link: <a href=""User
https://www.ucas.com/ucas-events""> UCAS Event</a>. You'll discover a list of upcoming events and how to register."
Hello,Hello there!
Hello,Hello there!
Hello,Hello there!
Hello,Hello there!
Hello,Hello there!
Hello,Hello there!
Hello,Hello there!
Hello,Hello there!
Hello,Hello there!
Hello,Hello there!
test,"To find UCAS events, simply follow this link: <a href=""User
https://www.ucas.com/ucas-events""> UCAS Event</a>. You'll discover a list of upcoming events and how to register."
Hello,Hello there!
Hello,Hello there!
Hello,Hello there!
Hello,Hello there!
Hello,Hello there!
Hello,Hello there!
clearing,You can typically contact the university admissions office by phone or email to discuss changing your mind about a Clearing offer. Be sure to have your UCAS Personal ID and Clearing number ready when contacting them.
Hello,Hello there!
Hello,Hello there!
Tell%20me%20about%20AI,How may I help you?
Hello,Hello there!
yes,"You can stay updated on the current situation for universities and courses by visiting the UCAS News and Insights page at <a href="" https://www.ucas.com/news-and-insights"">UCAS News and Insights</a>. This page provides valuable information and updates regarding universities and courses, helping you make informed decisions about your academic journey."
Hello,Hello there!
Hello,Hello there!
Hello,Hello there!
Hello,Hello there!
test,"To find UCAS events, simply follow this link: <a href=""User
https://www.ucas.com/ucas-events""> UCAS Event</a>. You'll discover a list of upcoming events and how to register."
Hello,Hello there!
hello%20:),Hello there!
Hello,Hello there!
Hello,Hello there!
Hello,Hello there!
Hello,Hello there!
Hello,Hello there!
hey,Hello!
Hello,Hello there!
test,"To find UCAS events, simply follow this link: <a href=""User
https://www.ucas.com/ucas-events""> UCAS Event</a>. You'll discover a list of upcoming events and how to register."
Hello,Hello there!
Hello,Hello there!
Tell me about AI,How may I help you?
Hello,Hello there!
Hello,Hello there!
Hello,Hello there!
Hello,Hello there!
Tell me about AI,How may I help you?
Hello,Hello there!
Tell me about AI,How may I help you?
Hello,Hello there!
Hello,Hello there!
Hello,Hello there!
Hello,Hello there!
Hello,Hello there!
Hello,Hello there!
Hello,Hello there!
Nothing,What?
Hello,Hello there!
Hello,Hello there!
Hello,Hello there!
Hello,Hello there!
Hello,Hello there!
Hello,Hello there!
Hello,Hello there!
Hello,Hello there!
Tell me about AI,How may I help you?
Hello,Hello there!
Hello,Hello there!
Hello,Hello there!
Hello,Hello there!
Hello,Hello there!
Hello,Hello there!
Hello,Hello there!
What can you do?,I am a Python powered ChatBot.
How does it work?," If you're unsure whether you've missed the Clearing deadline for a specific university, it's best to check the university's official website or contact their admissions office directly. They'll be able to provide you with the most accurate and up-to-date information regarding application deadlines and whether late applications are still being considered."
Hello,Hello there!
Hello,Hello there!
Hello,Hello there!
Hello,Hello there!
Hello,Hello there!
Hello,Hello there!
Hello,Hello there!
What can you do?,I am a Python powered ChatBot.
Hello,Hello there!
What can you do?,I am a Python powered ChatBot.
Hello,Hello there!
Hello,Hello there!
test,"To find UCAS events, simply follow this link: <a href=""User
https://www.ucas.com/ucas-events""> UCAS Event</a>. You'll discover a list of upcoming events and how to register."
Hello,Hello there!
Hello,Hello there!
Hello,Hello there!
Hello,Hello there!
Hello,Hello there!
What can you do?,I am a Python powered ChatBot.
what%20is%20your%20name?,My name is Hilman.
Hello,Hello there!
Hello,Hello there!
What can you do?,I am a Python powered ChatBot.
what's%20your%20name?,My name is Hilman.
Hello,Hello there!
What can you do?,I am a Python powered ChatBot.
Okay,The time is now 0:13 AM GMT
Hello,"('Hello there!', ['HumanSays:', 'What time is it?', 'What time do you have?', 'Got the time?', 'When is it?', 'What day is it?', 'What is the date?', 'Do you know what time it is?', 'Do you have the time', 'IDKnull', 'IDKnull', 'IDKnull', 'IDKnull', 'IDKnull', 'IDKnull', 'IDKnull', 'IDKnull', 'IDKnull', 'IDKnull', 'IDKnull', 'Nothing', 'Nothing', 'Nothing', 'Nothing', 'Nothing', 'Who are you?', 'Who are you?', 'Who are you?', 'Hello', 'Hi', 'Greetings', 'Hey', ""What's up?"", 'Who are you?', 'What is your name?', 'Are there any Clearing fees?', 'Can you list all the universities offering my desired course during Clearing?', 'How can I stay updated on the current situation for universities and courses?', 'How can I find upcoming UCAS events?', 'Where can I get details about UCAS events?', ""I'm interested in attending UCAS events. How do I find them?"", 'Where can I see a schedule of UCAS events?', 'What is UCAS Clearing?', 'When does Clearing take place?', 'Who can use Clearing?', 'What should I do if I find myself in Clearing?', 'How can I prepare for Clearing?', 'What happens after Clearing?', 'Can I change my mind after accepting an offer through Clearing?', 'What should I do if I want to change my mind after accepting a Clearing offer?', 'Are there any deadlines for changing my mind after accepting a Clearing offer?', 'Will there be any consequences for changing my mind after accepting a Clearing offer?', 'How can I contact the university to discuss changing my mind about a Clearing offer?', 'Can the chatbot connect me to universities offering Clearing positions?', 'How are you?', 'What are the deadlines for UCAS Clearing applications?', 'Can I still apply for UCAS Clearing after the deadline?', 'Are there any deadlines for Clearing applications for international students?', ""How do I know if I've missed the Clearing deadline for a particular university?"", 'What are the general entry requirements for undergraduate courses on UCAS?', 'What qualifications do I need to apply for undergraduate courses through UCAS?', 'How important are predicted grades for undergraduate course applications?', 'Where can I find more information about UCAS undergraduate entry requirements?', 'Can you help me?', 'Help me', 'Can you speak French?', 'Can you converse in a different language?'])"
Hello,"('Hello there!', ['HumanSays:', 'What time is it?', 'What time do you have?', 'Got the time?', 'When is it?', 'What day is it?', 'What is the date?', 'Do you know what time it is?', 'Do you have the time', 'IDKnull', 'IDKnull', 'IDKnull', 'IDKnull', 'IDKnull', 'IDKnull', 'IDKnull', 'IDKnull', 'IDKnull', 'IDKnull', 'IDKnull', 'Nothing', 'Nothing', 'Nothing', 'Nothing', 'Nothing', 'Who are you?', 'Who are you?', 'Who are you?', 'Hello', 'Hi', 'Greetings', 'Hey', ""What's up?"", 'Who are you?', 'What is your name?', 'Are there any Clearing fees?', 'Can you list all the universities offering my desired course during Clearing?', 'How can I stay updated on the current situation for universities and courses?', 'How can I find upcoming UCAS events?', 'Where can I get details about UCAS events?', ""I'm interested in attending UCAS events. How do I find them?"", 'Where can I see a schedule of UCAS events?', 'What is UCAS Clearing?', 'When does Clearing take place?', 'Who can use Clearing?', 'What should I do if I find myself in Clearing?', 'How can I prepare for Clearing?', 'What happens after Clearing?', 'Can I change my mind after accepting an offer through Clearing?', 'What should I do if I want to change my mind after accepting a Clearing offer?', 'Are there any deadlines for changing my mind after accepting a Clearing offer?', 'Will there be any consequences for changing my mind after accepting a Clearing offer?', 'How can I contact the university to discuss changing my mind about a Clearing offer?', 'Can the chatbot connect me to universities offering Clearing positions?', 'How are you?', 'What are the deadlines for UCAS Clearing applications?', 'Can I still apply for UCAS Clearing after the deadline?', 'Are there any deadlines for Clearing applications for international students?', ""How do I know if I've missed the Clearing deadline for a particular university?"", 'What are the general entry requirements for undergraduate courses on UCAS?', 'What qualifications do I need to apply for undergraduate courses through UCAS?', 'How important are predicted grades for undergraduate course applications?', 'Where can I find more information about UCAS undergraduate entry requirements?', 'Can you help me?', 'Help me', 'Can you speak French?', 'Can you converse in a different language?'])"
Hello,"('Hello there!', ['HumanSays:', 'What time is it?', 'What time do you have?', 'Got the time?', 'When is it?', 'What day is it?', 'What is the date?', 'Do you know what time it is?', 'Do you have the time', 'IDKnull', 'IDKnull', 'IDKnull', 'IDKnull', 'IDKnull', 'IDKnull', 'IDKnull', 'IDKnull', 'IDKnull', 'IDKnull', 'IDKnull', 'Nothing', 'Nothing', 'Nothing', 'Nothing', 'Nothing', 'Who are you?', 'Who are you?', 'Who are you?', 'Hello', 'Hi', 'Greetings', 'Hey', ""What's up?"", 'Who are you?', 'What is your name?', 'Are there any Clearing fees?', 'Can you list all the universities offering my desired course during Clearing?', 'How can I stay updated on the current situation for universities and courses?', 'How can I find upcoming UCAS events?', 'Where can I get details about UCAS events?', ""I'm interested in attending UCAS events. How do I find them?"", 'Where can I see a schedule of UCAS events?', 'What is UCAS Clearing?', 'When does Clearing take place?', 'Who can use Clearing?', 'What should I do if I find myself in Clearing?', 'How can I prepare for Clearing?', 'What happens after Clearing?', 'Can I change my mind after accepting an offer through Clearing?', 'What should I do if I want to change my mind after accepting a Clearing offer?', 'Are there any deadlines for changing my mind after accepting a Clearing offer?', 'Will there be any consequences for changing my mind after accepting a Clearing offer?', 'How can I contact the university to discuss changing my mind about a Clearing offer?', 'Can the chatbot connect me to universities offering Clearing positions?', 'How are you?', 'What are the deadlines for UCAS Clearing applications?', 'Can I still apply for UCAS Clearing after the deadline?', 'Are there any deadlines for Clearing applications for international students?', ""How do I know if I've missed the Clearing deadline for a particular university?"", 'What are the general entry requirements for undergraduate courses on UCAS?', 'What qualifications do I need to apply for undergraduate courses through UCAS?', 'How important are predicted grades for undergraduate course applications?', 'Where can I find more information about UCAS undergraduate entry requirements?', 'Can you help me?', 'Help me', 'Can you speak French?', 'Can you converse in a different language?'])"
Hello,"('Hello there!', ['HumanSays:', 'What time is it?', 'What time do you have?', 'Got the time?', 'When is it?', 'What day is it?', 'What is the date?', 'Do you know what time it is?', 'Do you have the time', 'IDKnull', 'IDKnull', 'IDKnull', 'IDKnull', 'IDKnull', 'IDKnull', 'IDKnull', 'IDKnull', 'IDKnull', 'IDKnull', 'IDKnull', 'Nothing', 'Nothing', 'Nothing', 'Nothing', 'Nothing', 'Who are you?', 'Who are you?', 'Who are you?', 'Hello', 'Hi', 'Greetings', 'Hey', ""What's up?"", 'Who are you?', 'What is your name?', 'Are there any Clearing fees?', 'Can you list all the universities offering my desired course during Clearing?', 'How can I stay updated on the current situation for universities and courses?', 'How can I find upcoming UCAS events?', 'Where can I get details about UCAS events?', ""I'm interested in attending UCAS events. How do I find them?"", 'Where can I see a schedule of UCAS events?', 'What is UCAS Clearing?', 'When does Clearing take place?', 'Who can use Clearing?', 'What should I do if I find myself in Clearing?', 'How can I prepare for Clearing?', 'What happens after Clearing?', 'Can I change my mind after accepting an offer through Clearing?', 'What should I do if I want to change my mind after accepting a Clearing offer?', 'Are there any deadlines for changing my mind after accepting a Clearing offer?', 'Will there be any consequences for changing my mind after accepting a Clearing offer?', 'How can I contact the university to discuss changing my mind about a Clearing offer?', 'Can the chatbot connect me to universities offering Clearing positions?', 'How are you?', 'What are the deadlines for UCAS Clearing applications?', 'Can I still apply for UCAS Clearing after the deadline?', 'Are there any deadlines for Clearing applications for international students?', ""How do I know if I've missed the Clearing deadline for a particular university?"", 'What are the general entry requirements for undergraduate courses on UCAS?', 'What qualifications do I need to apply for undergraduate courses through UCAS?', 'How important are predicted grades for undergraduate course applications?', 'Where can I find more information about UCAS undergraduate entry requirements?', 'Can you help me?', 'Help me', 'Can you speak French?', 'Can you converse in a different language?'])"
What can you do?,"('I am a Python powered ChatBot.', ['HumanSays:', 'What time is it?', 'What time do you have?', 'Got the time?', 'When is it?', 'What day is it?', 'What is the date?', 'Do you know what time it is?', 'Do you have the time', 'IDKnull', 'IDKnull', 'IDKnull', 'IDKnull', 'IDKnull', 'IDKnull', 'IDKnull', 'IDKnull', 'IDKnull', 'IDKnull', 'IDKnull', 'Nothing', 'Nothing', 'Nothing', 'Nothing', 'Nothing', 'Who are you?', 'Who are you?', 'Who are you?', 'Hello', 'Hi', 'Greetings', 'Hey', ""What's up?"", 'Who are you?', 'What is your name?', 'Are there any Clearing fees?', 'Can you list all the universities offering my desired course during Clearing?', 'How can I stay updated on the current situation for universities and courses?', 'How can I find upcoming UCAS events?', 'Where can I get details about UCAS events?', ""I'm interested in attending UCAS events. How do I find them?"", 'Where can I see a schedule of UCAS events?', 'What is UCAS Clearing?', 'When does Clearing take place?', 'Who can use Clearing?', 'What should I do if I find myself in Clearing?', 'How can I prepare for Clearing?', 'What happens after Clearing?', 'Can I change my mind after accepting an offer through Clearing?', 'What should I do if I want to change my mind after accepting a Clearing offer?', 'Are there any deadlines for changing my mind after accepting a Clearing offer?', 'Will there be any consequences for changing my mind after accepting a Clearing offer?', 'How can I contact the university to discuss changing my mind about a Clearing offer?', 'Can the chatbot connect me to universities offering Clearing positions?', 'How are you?', 'What are the deadlines for UCAS Clearing applications?', 'Can I still apply for UCAS Clearing after the deadline?', 'Are there any deadlines for Clearing applications for international students?', ""How do I know if I've missed the Clearing deadline for a particular university?"", 'What are the general entry requirements for undergraduate courses on UCAS?', 'What qualifications do I need to apply for undergraduate courses through UCAS?', 'How important are predicted grades for undergraduate course applications?', 'Where can I find more information about UCAS undergraduate entry requirements?', 'Can you help me?', 'Help me', 'Can you speak French?', 'Can you converse in a different language?'])"
Hello,"('Hello there!', ['HumanSays:', 'HumanSays:', 'What time is it?', 'What time is it?', 'What time do you have?', 'What time do you have?', 'Got the time?', 'Got the time?', 'When is it?', 'When is it?', 'What day is it?', 'What day is it?', 'What is the date?', 'What is the date?', 'Do you know what time it is?', 'Do you know what time it is?', 'Do you have the time', 'Do you have the time', 'IDKnull', 'IDKnull', 'IDKnull', 'IDKnull', 'IDKnull', 'IDKnull', 'IDKnull', 'IDKnull', 'IDKnull', 'IDKnull', 'IDKnull', 'IDKnull', 'IDKnull', 'IDKnull', 'IDKnull', 'IDKnull', 'IDKnull', 'IDKnull', 'IDKnull', 'IDKnull', 'IDKnull', 'IDKnull', 'Nothing', 'Nothing', 'Nothing', 'Nothing', 'Nothing', 'Nothing', 'Nothing', 'Nothing', 'Nothing', 'Nothing', 'Who are you?', 'Who are you?', 'Who are you?', 'Who are you?', 'Who are you?', 'Who are you?', 'Hello', 'Hello', 'Hi', 'Hi', 'Greetings', 'Greetings', 'Hey', 'Hey', ""What's up?"", ""What's up?"", 'Who are you?', 'Who are you?', 'What is your name?', 'What is your name?', 'Are there any Clearing fees?', 'Are there any Clearing fees?', 'Can you list all the universities offering my desired course during Clearing?', 'Can you list all the universities offering my desired course during Clearing?', 'How can I stay updated on the current situation for universities and courses?', 'How can I stay updated on the current situation for universities and courses?', 'How can I find upcoming UCAS events?', 'How can I find upcoming UCAS events?', 'Where can I get details about UCAS events?', 'Where can I get details about UCAS events?', ""I'm interested in attending UCAS events. How do I find them?"", ""I'm interested in attending UCAS events. How do I find them?"", 'Where can I see a schedule of UCAS events?', 'Where can I see a schedule of UCAS events?', 'What is UCAS Clearing?', 'What is UCAS Clearing?', 'When does Clearing take place?', 'When does Clearing take place?', 'Who can use Clearing?', 'Who can use Clearing?', 'What should I do if I find myself in Clearing?', 'What should I do if I find myself in Clearing?', 'How can I prepare for Clearing?', 'How can I prepare for Clearing?', 'What happens after Clearing?', 'What happens after Clearing?', 'Can I change my mind after accepting an offer through Clearing?', 'Can I change my mind after accepting an offer through Clearing?', 'What should I do if I want to change my mind after accepting a Clearing offer?', 'What should I do if I want to change my mind after accepting a Clearing offer?', 'Are there any deadlines for changing my mind after accepting a Clearing offer?', 'Are there any deadlines for changing my mind after accepting a Clearing offer?', 'Will there be any consequences for changing my mind after accepting a Clearing offer?', 'Will there be any consequences for changing my mind after accepting a Clearing offer?', 'How can I contact the university to discuss changing my mind about a Clearing offer?', 'How can I contact the university to discuss changing my mind about a Clearing offer?', 'Can the chatbot connect me to universities offering Clearing positions?', 'Can the chatbot connect me to universities offering Clearing positions?', 'How are you?', 'How are you?', 'What are the deadlines for UCAS Clearing applications?', 'What are the deadlines for UCAS Clearing applications?', 'Can I still apply for UCAS Clearing after the deadline?', 'Can I still apply for UCAS Clearing after the deadline?', 'Are there any deadlines for Clearing applications for international students?', 'Are there any deadlines for Clearing applications for international students?', ""How do I know if I've missed the Clearing deadline for a particular university?"", ""How do I know if I've missed the Clearing deadline for a particular university?"", 'What are the general entry requirements for undergraduate courses on UCAS?', 'What are the general entry requirements for undergraduate courses on UCAS?', 'What qualifications do I need to apply for undergraduate courses through UCAS?', 'What qualifications do I need to apply for undergraduate courses through UCAS?', 'How important are predicted grades for undergraduate course applications?', 'How important are predicted grades for undergraduate course applications?', 'Where can I find more information about UCAS undergraduate entry requirements?', 'Where can I find more information about UCAS undergraduate entry requirements?', 'Can you help me?', 'Can you help me?', 'Help me', 'Help me', 'Can you speak French?', 'Can you speak French?', 'Can you converse in a different language?', 'Can you converse in a different language?'])"
Hello,"('Hello there!', ['HumanSays:', 'HumanSays:', 'What time is it?', 'What time is it?', 'What time do you have?', 'What time do you have?', 'Got the time?', 'Got the time?', 'When is it?', 'When is it?', 'What day is it?', 'What day is it?', 'What is the date?', 'What is the date?', 'Do you know what time it is?', 'Do you know what time it is?', 'Do you have the time', 'Do you have the time', 'IDKnull', 'IDKnull', 'IDKnull', 'IDKnull', 'IDKnull', 'IDKnull', 'IDKnull', 'IDKnull', 'IDKnull', 'IDKnull', 'IDKnull', 'IDKnull', 'IDKnull', 'IDKnull', 'IDKnull', 'IDKnull', 'IDKnull', 'IDKnull', 'IDKnull', 'IDKnull', 'IDKnull', 'IDKnull', 'Nothing', 'Nothing', 'Nothing', 'Nothing', 'Nothing', 'Nothing', 'Nothing', 'Nothing', 'Nothing', 'Nothing', 'Who are you?', 'Who are you?', 'Who are you?', 'Who are you?', 'Who are you?', 'Who are you?', 'Hello', 'Hello', 'Hi', 'Hi', 'Greetings', 'Greetings', 'Hey', 'Hey', ""What's up?"", ""What's up?"", 'Who are you?', 'Who are you?', 'What is your name?', 'What is your name?', 'Are there any Clearing fees?', 'Are there any Clearing fees?', 'Can you list all the universities offering my desired course during Clearing?', 'Can you list all the universities offering my desired course during Clearing?', 'How can I stay updated on the current situation for universities and courses?', 'How can I stay updated on the current situation for universities and courses?', 'How can I find upcoming UCAS events?', 'How can I find upcoming UCAS events?', 'Where can I get details about UCAS events?', 'Where can I get details about UCAS events?', ""I'm interested in attending UCAS events. How do I find them?"", ""I'm interested in attending UCAS events. How do I find them?"", 'Where can I see a schedule of UCAS events?', 'Where can I see a schedule of UCAS events?', 'What is UCAS Clearing?', 'What is UCAS Clearing?', 'When does Clearing take place?', 'When does Clearing take place?', 'Who can use Clearing?', 'Who can use Clearing?', 'What should I do if I find myself in Clearing?', 'What should I do if I find myself in Clearing?', 'How can I prepare for Clearing?', 'How can I prepare for Clearing?', 'What happens after Clearing?', 'What happens after Clearing?', 'Can I change my mind after accepting an offer through Clearing?', 'Can I change my mind after accepting an offer through Clearing?', 'What should I do if I want to change my mind after accepting a Clearing offer?', 'What should I do if I want to change my mind after accepting a Clearing offer?', 'Are there any deadlines for changing my mind after accepting a Clearing offer?', 'Are there any deadlines for changing my mind after accepting a Clearing offer?', 'Will there be any consequences for changing my mind after accepting a Clearing offer?', 'Will there be any consequences for changing my mind after accepting a Clearing offer?', 'How can I contact the university to discuss changing my mind about a Clearing offer?', 'How can I contact the university to discuss changing my mind about a Clearing offer?', 'Can the chatbot connect me to universities offering Clearing positions?', 'Can the chatbot connect me to universities offering Clearing positions?', 'How are you?', 'How are you?', 'What are the deadlines for UCAS Clearing applications?', 'What are the deadlines for UCAS Clearing applications?', 'Can I still apply for UCAS Clearing after the deadline?', 'Can I still apply for UCAS Clearing after the deadline?', 'Are there any deadlines for Clearing applications for international students?', 'Are there any deadlines for Clearing applications for international students?', ""How do I know if I've missed the Clearing deadline for a particular university?"", ""How do I know if I've missed the Clearing deadline for a particular university?"", 'What are the general entry requirements for undergraduate courses on UCAS?', 'What are the general entry requirements for undergraduate courses on UCAS?', 'What qualifications do I need to apply for undergraduate courses through UCAS?', 'What qualifications do I need to apply for undergraduate courses through UCAS?', 'How important are predicted grades for undergraduate course applications?', 'How important are predicted grades for undergraduate course applications?', 'Where can I find more information about UCAS undergraduate entry requirements?', 'Where can I find more information about UCAS undergraduate entry requirements?', 'Can you help me?', 'Can you help me?', 'Help me', 'Help me', 'Can you speak French?', 'Can you speak French?', 'Can you converse in a different language?', 'Can you converse in a different language?'])"
What can you do?,"('I am a Python powered ChatBot.', ['HumanSays:', 'HumanSays:', 'What time is it?', 'What time is it?', 'What time do you have?', 'What time do you have?', 'Got the time?', 'Got the time?', 'When is it?', 'When is it?', 'What day is it?', 'What day is it?', 'What is the date?', 'What is the date?', 'Do you know what time it is?', 'Do you know what time it is?', 'Do you have the time', 'Do you have the time', 'IDKnull', 'IDKnull', 'IDKnull', 'IDKnull', 'IDKnull', 'IDKnull', 'IDKnull', 'IDKnull', 'IDKnull', 'IDKnull', 'IDKnull', 'IDKnull', 'IDKnull', 'IDKnull', 'IDKnull', 'IDKnull', 'IDKnull', 'IDKnull', 'IDKnull', 'IDKnull', 'IDKnull', 'IDKnull', 'Nothing', 'Nothing', 'Nothing', 'Nothing', 'Nothing', 'Nothing', 'Nothing', 'Nothing', 'Nothing', 'Nothing', 'Who are you?', 'Who are you?', 'Who are you?', 'Who are you?', 'Who are you?', 'Who are you?', 'Hello', 'Hello', 'Hi', 'Hi', 'Greetings', 'Greetings', 'Hey', 'Hey', ""What's up?"", ""What's up?"", 'Who are you?', 'Who are you?', 'What is your name?', 'What is your name?', 'Are there any Clearing fees?', 'Are there any Clearing fees?', 'Can you list all the universities offering my desired course during Clearing?', 'Can you list all the universities offering my desired course during Clearing?', 'How can I stay updated on the current situation for universities and courses?', 'How can I stay updated on the current situation for universities and courses?', 'How can I find upcoming UCAS events?', 'How can I find upcoming UCAS events?', 'Where can I get details about UCAS events?', 'Where can I get details about UCAS events?', ""I'm interested in attending UCAS events. How do I find them?"", ""I'm interested in attending UCAS events. How do I find them?"", 'Where can I see a schedule of UCAS events?', 'Where can I see a schedule of UCAS events?', 'What is UCAS Clearing?', 'What is UCAS Clearing?', 'When does Clearing take place?', 'When does Clearing take place?', 'Who can use Clearing?', 'Who can use Clearing?', 'What should I do if I find myself in Clearing?', 'What should I do if I find myself in Clearing?', 'How can I prepare for Clearing?', 'How can I prepare for Clearing?', 'What happens after Clearing?', 'What happens after Clearing?', 'Can I change my mind after accepting an offer through Clearing?', 'Can I change my mind after accepting an offer through Clearing?', 'What should I do if I want to change my mind after accepting a Clearing offer?', 'What should I do if I want to change my mind after accepting a Clearing offer?', 'Are there any deadlines for changing my mind after accepting a Clearing offer?', 'Are there any deadlines for changing my mind after accepting a Clearing offer?', 'Will there be any consequences for changing my mind after accepting a Clearing offer?', 'Will there be any consequences for changing my mind after accepting a Clearing offer?', 'How can I contact the university to discuss changing my mind about a Clearing offer?', 'How can I contact the university to discuss changing my mind about a Clearing offer?', 'Can the chatbot connect me to universities offering Clearing positions?', 'Can the chatbot connect me to universities offering Clearing positions?', 'How are you?', 'How are you?', 'What are the deadlines for UCAS Clearing applications?', 'What are the deadlines for UCAS Clearing applications?', 'Can I still apply for UCAS Clearing after the deadline?', 'Can I still apply for UCAS Clearing after the deadline?', 'Are there any deadlines for Clearing applications for international students?', 'Are there any deadlines for Clearing applications for international students?', ""How do I know if I've missed the Clearing deadline for a particular university?"", ""How do I know if I've missed the Clearing deadline for a particular university?"", 'What are the general entry requirements for undergraduate courses on UCAS?', 'What are the general entry requirements for undergraduate courses on UCAS?', 'What qualifications do I need to apply for undergraduate courses through UCAS?', 'What qualifications do I need to apply for undergraduate courses through UCAS?', 'How important are predicted grades for undergraduate course applications?', 'How important are predicted grades for undergraduate course applications?', 'Where can I find more information about UCAS undergraduate entry requirements?', 'Where can I find more information about UCAS undergraduate entry requirements?', 'Can you help me?', 'Can you help me?', 'Help me', 'Help me', 'Can you speak French?', 'Can you speak French?', 'Can you converse in a different language?', 'Can you converse in a different language?'])"
Hello,"('Hello there!', ['HumanSays:', 'HumanSays:', 'What time is it?', 'What time is it?', 'What time do you have?', 'What time do you have?', 'Got the time?', 'Got the time?', 'When is it?', 'When is it?', 'What day is it?', 'What day is it?', 'What is the date?', 'What is the date?', 'Do you know what time it is?', 'Do you know what time it is?', 'Do you have the time', 'Do you have the time', 'IDKnull', 'IDKnull', 'IDKnull', 'IDKnull', 'IDKnull', 'IDKnull', 'IDKnull', 'IDKnull', 'IDKnull', 'IDKnull', 'IDKnull', 'IDKnull', 'IDKnull', 'IDKnull', 'IDKnull', 'IDKnull', 'IDKnull', 'IDKnull', 'IDKnull', 'IDKnull', 'IDKnull', 'IDKnull', 'Nothing', 'Nothing', 'Nothing', 'Nothing', 'Nothing', 'Nothing', 'Nothing', 'Nothing', 'Nothing', 'Nothing', 'Who are you?', 'Who are you?', 'Who are you?', 'Who are you?', 'Who are you?', 'Who are you?', 'Hello', 'Hello', 'Hi', 'Hi', 'Greetings', 'Greetings', 'Hey', 'Hey', ""What's up?"", ""What's up?"", 'Who are you?', 'Who are you?', 'What is your name?', 'What is your name?', 'Are there any Clearing fees?', 'Are there any Clearing fees?', 'Can you list all the universities offering my desired course during Clearing?', 'Can you list all the universities offering my desired course during Clearing?', 'How can I stay updated on the current situation for universities and courses?', 'How can I stay updated on the current situation for universities and courses?', 'How can I find upcoming UCAS events?', 'How can I find upcoming UCAS events?', 'Where can I get details about UCAS events?', 'Where can I get details about UCAS events?', ""I'm interested in attending UCAS events. How do I find them?"", ""I'm interested in attending UCAS events. How do I find them?"", 'Where can I see a schedule of UCAS events?', 'Where can I see a schedule of UCAS events?', 'What is UCAS Clearing?', 'What is UCAS Clearing?', 'When does Clearing take place?', 'When does Clearing take place?', 'Who can use Clearing?', 'Who can use Clearing?', 'What should I do if I find myself in Clearing?', 'What should I do if I find myself in Clearing?', 'How can I prepare for Clearing?', 'How can I prepare for Clearing?', 'What happens after Clearing?', 'What happens after Clearing?', 'Can I change my mind after accepting an offer through Clearing?', 'Can I change my mind after accepting an offer through Clearing?', 'What should I do if I want to change my mind after accepting a Clearing offer?', 'What should I do if I want to change my mind after accepting a Clearing offer?', 'Are there any deadlines for changing my mind after accepting a Clearing offer?', 'Are there any deadlines for changing my mind after accepting a Clearing offer?', 'Will there be any consequences for changing my mind after accepting a Clearing offer?', 'Will there be any consequences for changing my mind after accepting a Clearing offer?', 'How can I contact the university to discuss changing my mind about a Clearing offer?', 'How can I contact the university to discuss changing my mind about a Clearing offer?', 'Can the chatbot connect me to universities offering Clearing positions?', 'Can the chatbot connect me to universities offering Clearing positions?', 'How are you?', 'How are you?', 'What are the deadlines for UCAS Clearing applications?', 'What are the deadlines for UCAS Clearing applications?', 'Can I still apply for UCAS Clearing after the deadline?', 'Can I still apply for UCAS Clearing after the deadline?', 'Are there any deadlines for Clearing applications for international students?', 'Are there any deadlines for Clearing applications for international students?', ""How do I know if I've missed the Clearing deadline for a particular university?"", ""How do I know if I've missed the Clearing deadline for a particular university?"", 'What are the general entry requirements for undergraduate courses on UCAS?', 'What are the general entry requirements for undergraduate courses on UCAS?', 'What qualifications do I need to apply for undergraduate courses through UCAS?', 'What qualifications do I need to apply for undergraduate courses through UCAS?', 'How important are predicted grades for undergraduate course applications?', 'How important are predicted grades for undergraduate course applications?', 'Where can I find more information about UCAS undergraduate entry requirements?', 'Where can I find more information about UCAS undergraduate entry requirements?', 'Can you help me?', 'Can you help me?', 'Help me', 'Help me', 'Can you speak French?', 'Can you speak French?', 'Can you converse in a different language?', 'Can you converse in a different language?'])"
Hello,"('Hello there!', ['HumanSays:', 'HumanSays:', 'What time is it?', 'What time is it?', 'What time do you have?', 'What time do you have?', 'Got the time?', 'Got the time?', 'When is it?', 'When is it?', 'What day is it?', 'What day is it?', 'What is the date?', 'What is the date?', 'Do you know what time it is?', 'Do you know what time it is?', 'Do you have the time', 'Do you have the time', 'IDKnull', 'IDKnull', 'IDKnull', 'IDKnull', 'IDKnull', 'IDKnull', 'IDKnull', 'IDKnull', 'IDKnull', 'IDKnull', 'IDKnull', 'IDKnull', 'IDKnull', 'IDKnull', 'IDKnull', 'IDKnull', 'IDKnull', 'IDKnull', 'IDKnull', 'IDKnull', 'IDKnull', 'IDKnull', 'Nothing', 'Nothing', 'Nothing', 'Nothing', 'Nothing', 'Nothing', 'Nothing', 'Nothing', 'Nothing', 'Nothing', 'Who are you?', 'Who are you?', 'Who are you?', 'Who are you?', 'Who are you?', 'Who are you?', 'Hello', 'Hello', 'Hi', 'Hi', 'Greetings', 'Greetings', 'Hey', 'Hey', ""What's up?"", ""What's up?"", 'Who are you?', 'Who are you?', 'What is your name?', 'What is your name?', 'Are there any Clearing fees?', 'Are there any Clearing fees?', 'Can you list all the universities offering my desired course during Clearing?', 'Can you list all the universities offering my desired course during Clearing?', 'How can I stay updated on the current situation for universities and courses?', 'How can I stay updated on the current situation for universities and courses?', 'How can I find upcoming UCAS events?', 'How can I find upcoming UCAS events?', 'Where can I get details about UCAS events?', 'Where can I get details about UCAS events?', ""I'm interested in attending UCAS events. How do I find them?"", ""I'm interested in attending UCAS events. How do I find them?"", 'Where can I see a schedule of UCAS events?', 'Where can I see a schedule of UCAS events?', 'What is UCAS Clearing?', 'What is UCAS Clearing?', 'When does Clearing take place?', 'When does Clearing take place?', 'Who can use Clearing?', 'Who can use Clearing?', 'What should I do if I find myself in Clearing?', 'What should I do if I find myself in Clearing?', 'How can I prepare for Clearing?', 'How can I prepare for Clearing?', 'What happens after Clearing?', 'What happens after Clearing?', 'Can I change my mind after accepting an offer through Clearing?', 'Can I change my mind after accepting an offer through Clearing?', 'What should I do if I want to change my mind after accepting a Clearing offer?', 'What should I do if I want to change my mind after accepting a Clearing offer?', 'Are there any deadlines for changing my mind after accepting a Clearing offer?', 'Are there any deadlines for changing my mind after accepting a Clearing offer?', 'Will there be any consequences for changing my mind after accepting a Clearing offer?', 'Will there be any consequences for changing my mind after accepting a Clearing offer?', 'How can I contact the university to discuss changing my mind about a Clearing offer?', 'How can I contact the university to discuss changing my mind about a Clearing offer?', 'Can the chatbot connect me to universities offering Clearing positions?', 'Can the chatbot connect me to universities offering Clearing positions?', 'How are you?', 'How are you?', 'What are the deadlines for UCAS Clearing applications?', 'What are the deadlines for UCAS Clearing applications?', 'Can I still apply for UCAS Clearing after the deadline?', 'Can I still apply for UCAS Clearing after the deadline?', 'Are there any deadlines for Clearing applications for international students?', 'Are there any deadlines for Clearing applications for international students?', ""How do I know if I've missed the Clearing deadline for a particular university?"", ""How do I know if I've missed the Clearing deadline for a particular university?"", 'What are the general entry requirements for undergraduate courses on UCAS?', 'What are the general entry requirements for undergraduate courses on UCAS?', 'What qualifications do I need to apply for undergraduate courses through UCAS?', 'What qualifications do I need to apply for undergraduate courses through UCAS?', 'How important are predicted grades for undergraduate course applications?', 'How important are predicted grades for undergraduate course applications?', 'Where can I find more information about UCAS undergraduate entry requirements?', 'Where can I find more information about UCAS undergraduate entry requirements?', 'Can you help me?', 'Can you help me?', 'Help me', 'Help me', 'Can you speak French?', 'Can you speak French?', 'Can you converse in a different language?', 'Can you converse in a different language?'])"
Hello,"('Hello there!', ['HumanSays:', 'HumanSays:', 'What time is it?', 'What time is it?', 'What time do you have?', 'What time do you have?', 'Got the time?', 'Got the time?', 'When is it?', 'When is it?', 'What day is it?', 'What day is it?', 'What is the date?', 'What is the date?', 'Do you know what time it is?', 'Do you know what time it is?', 'Do you have the time', 'Do you have the time', 'IDKnull', 'IDKnull', 'IDKnull', 'IDKnull', 'IDKnull', 'IDKnull', 'IDKnull', 'IDKnull', 'IDKnull', 'IDKnull', 'IDKnull', 'IDKnull', 'IDKnull', 'IDKnull', 'IDKnull', 'IDKnull', 'IDKnull', 'IDKnull', 'IDKnull', 'IDKnull', 'IDKnull', 'IDKnull', 'Nothing', 'Nothing', 'Nothing', 'Nothing', 'Nothing', 'Nothing', 'Nothing', 'Nothing', 'Nothing', 'Nothing', 'Who are you?', 'Who are you?', 'Who are you?', 'Who are you?', 'Who are you?', 'Who are you?', 'Hello', 'Hello', 'Hi', 'Hi', 'Greetings', 'Greetings', 'Hey', 'Hey', ""What's up?"", ""What's up?"", 'Who are you?', 'Who are you?', 'What is your name?', 'What is your name?', 'Are there any Clearing fees?', 'Are there any Clearing fees?', 'Can you list all the universities offering my desired course during Clearing?', 'Can you list all the universities offering my desired course during Clearing?', 'How can I stay updated on the current situation for universities and courses?', 'How can I stay updated on the current situation for universities and courses?', 'How can I find upcoming UCAS events?', 'How can I find upcoming UCAS events?', 'Where can I get details about UCAS events?', 'Where can I get details about UCAS events?', ""I'm interested in attending UCAS events. How do I find them?"", ""I'm interested in attending UCAS events. How do I find them?"", 'Where can I see a schedule of UCAS events?', 'Where can I see a schedule of UCAS events?', 'What is UCAS Clearing?', 'What is UCAS Clearing?', 'When does Clearing take place?', 'When does Clearing take place?', 'Who can use Clearing?', 'Who can use Clearing?', 'What should I do if I find myself in Clearing?', 'What should I do if I find myself in Clearing?', 'How can I prepare for Clearing?', 'How can I prepare for Clearing?', 'What happens after Clearing?', 'What happens after Clearing?', 'Can I change my mind after accepting an offer through Clearing?', 'Can I change my mind after accepting an offer through Clearing?', 'What should I do if I want to change my mind after accepting a Clearing offer?', 'What should I do if I want to change my mind after accepting a Clearing offer?', 'Are there any deadlines for changing my mind after accepting a Clearing offer?', 'Are there any deadlines for changing my mind after accepting a Clearing offer?', 'Will there be any consequences for changing my mind after accepting a Clearing offer?', 'Will there be any consequences for changing my mind after accepting a Clearing offer?', 'How can I contact the university to discuss changing my mind about a Clearing offer?', 'How can I contact the university to discuss changing my mind about a Clearing offer?', 'Can the chatbot connect me to universities offering Clearing positions?', 'Can the chatbot connect me to universities offering Clearing positions?', 'How are you?', 'How are you?', 'What are the deadlines for UCAS Clearing applications?', 'What are the deadlines for UCAS Clearing applications?', 'Can I still apply for UCAS Clearing after the deadline?', 'Can I still apply for UCAS Clearing after the deadline?', 'Are there any deadlines for Clearing applications for international students?', 'Are there any deadlines for Clearing applications for international students?', ""How do I know if I've missed the Clearing deadline for a particular university?"", ""How do I know if I've missed the Clearing deadline for a particular university?"", 'What are the general entry requirements for undergraduate courses on UCAS?', 'What are the general entry requirements for undergraduate courses on UCAS?', 'What qualifications do I need to apply for undergraduate courses through UCAS?', 'What qualifications do I need to apply for undergraduate courses through UCAS?', 'How important are predicted grades for undergraduate course applications?', 'How important are predicted grades for undergraduate course applications?', 'Where can I find more information about UCAS undergraduate entry requirements?', 'Where can I find more information about UCAS undergraduate entry requirements?', 'Can you help me?', 'Can you help me?', 'Help me', 'Help me', 'Can you speak French?', 'Can you speak French?', 'Can you converse in a different language?', 'Can you converse in a different language?'])"
Hello,"('Hello there!', ['HumanSays:', 'HumanSays:', 'What time is it?', 'What time is it?', 'What time do you have?', 'What time do you have?', 'Got the time?', 'Got the time?', 'When is it?', 'When is it?', 'What day is it?', 'What day is it?', 'What is the date?', 'What is the date?', 'Do you know what time it is?', 'Do you know what time it is?', 'Do you have the time', 'Do you have the time', 'IDKnull', 'IDKnull', 'IDKnull', 'IDKnull', 'IDKnull', 'IDKnull', 'IDKnull', 'IDKnull', 'IDKnull', 'IDKnull', 'IDKnull', 'IDKnull', 'IDKnull', 'IDKnull', 'IDKnull', 'IDKnull', 'IDKnull', 'IDKnull', 'IDKnull', 'IDKnull', 'IDKnull', 'IDKnull', 'Nothing', 'Nothing', 'Nothing', 'Nothing', 'Nothing', 'Nothing', 'Nothing', 'Nothing', 'Nothing', 'Nothing', 'Who are you?', 'Who are you?', 'Who are you?', 'Who are you?', 'Who are you?', 'Who are you?', 'Hello', 'Hello', 'Hi', 'Hi', 'Greetings', 'Greetings', 'Hey', 'Hey', ""What's up?"", ""What's up?"", 'Who are you?', 'Who are you?', 'What is your name?', 'What is your name?', 'Are there any Clearing fees?', 'Are there any Clearing fees?', 'Can you list all the universities offering my desired course during Clearing?', 'Can you list all the universities offering my desired course during Clearing?', 'How can I stay updated on the current situation for universities and courses?', 'How can I stay updated on the current situation for universities and courses?', 'How can I find upcoming UCAS events?', 'How can I find upcoming UCAS events?', 'Where can I get details about UCAS events?', 'Where can I get details about UCAS events?', ""I'm interested in attending UCAS events. How do I find them?"", ""I'm interested in attending UCAS events. How do I find them?"", 'Where can I see a schedule of UCAS events?', 'Where can I see a schedule of UCAS events?', 'What is UCAS Clearing?', 'What is UCAS Clearing?', 'When does Clearing take place?', 'When does Clearing take place?', 'Who can use Clearing?', 'Who can use Clearing?', 'What should I do if I find myself in Clearing?', 'What should I do if I find myself in Clearing?', 'How can I prepare for Clearing?', 'How can I prepare for Clearing?', 'What happens after Clearing?', 'What happens after Clearing?', 'Can I change my mind after accepting an offer through Clearing?', 'Can I change my mind after accepting an offer through Clearing?', 'What should I do if I want to change my mind after accepting a Clearing offer?', 'What should I do if I want to change my mind after accepting a Clearing offer?', 'Are there any deadlines for changing my mind after accepting a Clearing offer?', 'Are there any deadlines for changing my mind after accepting a Clearing offer?', 'Will there be any consequences for changing my mind after accepting a Clearing offer?', 'Will there be any consequences for changing my mind after accepting a Clearing offer?', 'How can I contact the university to discuss changing my mind about a Clearing offer?', 'How can I contact the university to discuss changing my mind about a Clearing offer?', 'Can the chatbot connect me to universities offering Clearing positions?', 'Can the chatbot connect me to universities offering Clearing positions?', 'How are you?', 'How are you?', 'What are the deadlines for UCAS Clearing applications?', 'What are the deadlines for UCAS Clearing applications?', 'Can I still apply for UCAS Clearing after the deadline?', 'Can I still apply for UCAS Clearing after the deadline?', 'Are there any deadlines for Clearing applications for international students?', 'Are there any deadlines for Clearing applications for international students?', ""How do I know if I've missed the Clearing deadline for a particular university?"", ""How do I know if I've missed the Clearing deadline for a particular university?"", 'What are the general entry requirements for undergraduate courses on UCAS?', 'What are the general entry requirements for undergraduate courses on UCAS?', 'What qualifications do I need to apply for undergraduate courses through UCAS?', 'What qualifications do I need to apply for undergraduate courses through UCAS?', 'How important are predicted grades for undergraduate course applications?', 'How important are predicted grades for undergraduate course applications?', 'Where can I find more information about UCAS undergraduate entry requirements?', 'Where can I find more information about UCAS undergraduate entry requirements?', 'Can you help me?', 'Can you help me?', 'Help me', 'Help me', 'Can you speak French?', 'Can you speak French?', 'Can you converse in a different language?', 'Can you converse in a different language?'])"
Hello,Hello there!
Hello,Hello there!
Hello,Hello there!
What can you do?,I am a Python powered ChatBot.
How does it work?," If you're unsure whether you've missed the Clearing deadline for a specific university, it's best to check the university's official website or contact their admissions office directly. They'll be able to provide you with the most accurate and up-to-date information regarding application deadlines and whether late applications are still being considered."
Tell me about AI,How may I help you?
Hello,Hello there!
Hello,Hello there!
Hello,Hello there!
Hello,Hello there!
What can you do?,I am a Python powered ChatBot.
Hello,Hello there!
Welcome! I am Hilman the chatbot. How can I help you today?,Oh hey!
Welcome! I am Hilman the chatbot. How can I help you today?,Oh hey!
Welcome! I am Hilman the chatbot. How can I help you today?,Oh hey!
What can you do?,I am a Python powered ChatBot.
Welcome! I am Hilman the chatbot. How can I help you today?,Oh hey!
Welcome! I am Hilman the chatbot. How can I help you today?,Oh hey!
Welcome! I am Hilman the chatbot. How can I help you today?,Oh hey!
What can you do?,I am a Python powered ChatBot.
Welcome! I am Hilman the chatbot. How can I help you today?,Oh hey!
Welcome! I am Hilman the chatbot. How can I help you today?,Oh hey!
Welcome! I am Hilman the chatbot. How can I help you today?,Oh hey!
Hello,Hello there!
Welcome! I am Hilman the chatbot. How can I help you today?,Oh hey!
Hello,Hello there!
Welcome! I am Hilman the chatbot. How can I help you today?,Oh hey!
Hello,Hello there!
Welcome! I am Hilman the chatbot. How can I help you today?,Oh hey!
Welcome! I am Hilman the chatbot. How can I help you today?,Oh hey!
Welcome! I am Hilman the chatbot. How can I help you today?,Oh hey!
Welcome! I am Hilman the chatbot. How can I help you today?,Oh hey!
Welcome! I am Hilman the chatbot. How can I help you today?,Oh hey!
What can you do?,I am a Python powered ChatBot.
Welcome! I am Hilman the chatbot. How can I help you today?,Oh hey!
Welcome! I am Hilman the chatbot. How can I help you today?,Oh hey!
Welcome! I am Hilman the chatbot. How can I help you today?,Oh hey!
Welcome! I am Hilman the chatbot. How can I help you today?,Oh hey!
Welcome! I am Hilman the chatbot. How can I help you today?,Oh hey!
What can you do?,I am a Python powered ChatBot.
What can you do?,I am a Python powered ChatBot.
Nothing,What?
What can you do?,The time is now 1:42 AM GMT
How does it work?,I don't know.
Tell me about AI,I don't know.
"what%20do%20you%20,eam",I don't know.
What can you do?,The time is now 1:46 AM GMT
How does it work?,I don't know.
What can you do?,My name is Hilman.
How does it work?,"I'm fine, thank you!"
Clearing,"Clearing is available to students who have not received any offers, declined their offers, did not meet the conditions of their offers, or applied after June 30th."
french,I know some basics.
What can you do?,My name is Hilman.
whats%20your%20name,My name is Hilman.
who%20are%20you,I am a Python powered ChatBot.
What can you do?,I will have to give that some thought.
whats%20your%20name?,I don't have a response for that.
How does it work?,I don't have a response for that.
What can you do?,My name is Hilman.
What can you do?,My name is Hilman.
What can you do?,IDKresponse
How does it work?,IDKresponse
What can you do?,My name is Hilman.
How does it work?,"I'm fine, thank you!"
What can you do?,My name is Hilman.
What can you do?,I can help you with answering queries regarding UCAS Clearing.
What can you do?,I can help you with answering queries regarding UCAS Clearing.
What time is it?,The time is now 8:33 PM GMT
What%20is%20the%20date%20today,"Today is Tuesday, 3/12/2024"
is%20there%20any%20documents%20that%20i%20need%20to%20prepare?,Clearing typically begins in July and continues through to September. It's most active immediately after A-level results day.
accommodation?,"Yes, some universities may also offer accommodation options for students applying through Clearing, but availability might be limited."
documents?,"You'll typically need your exam results, personal statement, and contact details ready when applying through UCAS Clearing.
"
how%20to%20apply%20through%20clearing?,"To apply through UCAS Clearing, you'll need to search for available courses on the UCAS website, contact universities directly, and submit applications through UCAS Track."
when%20does%20clearing%20start?,"UCAS Clearing typically starts in July after A-level results are released.
"
can%20i%20apply%20for%20accommodation%20through%20clearing?,"Yes, some universities may also offer accommodation options for students applying through Clearing, but availability might be limited."
What time is it?,The time is now 8:56 PM GMT
Guide on application process,Of course! Which course are you specifically looking for?
What time is it?,The time is now 8:56 PM GMT
What%20is%20your%20name?,My name is Hilman.
test,The time is now 9:11 PM GMT
What can you do?,I can help you with answering queries regarding UCAS Clearing.
Guide on application process,Of course! Which course are you specifically looking for?
Guide on application process,Of course! Which course are you specifically looking for?
What can you do?,I can help you with answering queries regarding UCAS Clearing.
are%20there%20any%20deadlines?,"There are no additional fees for using UCAS Clearing. However, standard application fees may apply when applying to universities through UCAS."
translate%20to%20Spanish:%20What%20is%20your%20name?,"To translate, use the format: translate:[language code]:[text]. For example, 'translate:fr:Hello, how are you?'"
"translate:fr:hello,%20my%20name%20is%20Dina","Bonjour, je m'appelle Dina."
translate%20'who%20are%20you'%20to%20german?,"To translate, use the format: translate:[language code]:[text]. For example, 'translate:fr:Hello, how are you?'"
translate%20'who%20are%20you'%20to%20german,"To translate, use the format: translate:[language code]:[text]. For example, 'translate:fr:Hello, how are you?'"
translate%20'who%20are%20you'%20to%20german,Wer bist du?
translate%20'who%20are%20you'%20to%20german,Wer bist du?
translate%20'i%20love%20Hilman%20with%20all%20my%20heart'%20to%20french,J'aime Hilman de tout mon cur
What time is it?,I'm not sure how to answer that. Can you ask in a different way?
What time is it?,The time is now 10:46 PM GMT
What can you do?,I can help you with answering queries regarding UCAS Clearing.
Guide on application process,Of course! Which course are you specifically looking for?
are%20there%20fees%20for%20clearing%20application?,"There are no additional fees for using UCAS Clearing. However, standard application fees may apply when applying to universities through UCAS."
can%20you%20translate?,I know some basics.
What time is it?,The time is now 11:04 PM GMT
translate%20'my%20name%20is%20Dina'%20to%20malay,"Sorry, I can't translate to malay. Please try another language."
What time is it?,The time is now 11:11 PM GMT
What time is it?,The time is now 11:23 PM GMT
What can you do?,I can help you with answering queries regarding UCAS Clearing.
Guide on application process,Of course! Which course are you specifically looking for?
test,The time is now 11:23 PM GMT
What can you do?,I can help you with answering queries regarding UCAS Clearing.
What time is it?,The time is now 11:23 PM GMT
Guide on application process,Of course! Which course are you specifically looking for?
What time is it?,The time is now 11:24 PM GMT
What can you do?,I can help you with answering queries regarding UCAS Clearing.
Guide on application process,Of course! Which course are you specifically looking for?
What time is it?,The time is now 11:26 PM GMT
What can you do?,I can help you with answering queries regarding UCAS Clearing.
What time is it?,The time is now 11:26 PM GMT
What can you do?,I can help you with answering queries regarding UCAS Clearing.
What can you do?,I can help you with answering queries regarding UCAS Clearing.
Guide on application process,Of course! Which course are you specifically looking for?
What time is it?,The time is now 11:33 PM GMT
Qu%C3%A9%20puedes%20hacer%20?,The time is now 1:02 AM GMT
C%C3%B3mo%20est%C3%A1s?,Maybe learn something from you as well...
Bonjour!,My name is Hilman.
Translate%20'hello'%20to%20French,Bonjour.
What time is it?,The time is now 1:26 AM GMT
"Hola,%20%C2%BFc%C3%B3mo%20est%C3%A1s?",Maybe learn something from you as well...
What%20programs%20does%20the%20University%20of%20York%20offer,The time is now 2:10 AM GMT
What%20programs%20does%20the%20University%20of%20York%20offer,The time is now 2:10 AM GMT
contact%20info%20for%20university%20of%20york,"While I can't directly connect you to universities offering Clearing positions, I can certainly assist you in finding relevant information. You can use the <a href=""https://digital.ucas.com/search"">UCAS Course Search</a> tool to explore available courses and universities offering Clearing positions. "
contact%20information%20for%20university%20of%20york," If you're unsure whether you've missed the Clearing deadline for a specific university, it's best to check the university's official website or contact their admissions office directly. They'll be able to provide you with the most accurate and up-to-date information regarding application deadlines and whether late applications are still being considered."
contact%20information%20for%20university%20of%20york," If you're unsure whether you've missed the Clearing deadline for a specific university, it's best to check the university's official website or contact their admissions office directly. They'll be able to provide you with the most accurate and up-to-date information regarding application deadlines and whether late applications are still being considered."
university%20of%20york,My name is Hilman.
contact%20info%20for%20university%20of%20york,"While I can't directly connect you to universities offering Clearing positions, I can certainly assist you in finding relevant information. You can use the <a href=""https://digital.ucas.com/search"">UCAS Course Search</a> tool to explore available courses and universities offering Clearing positions. "
computer%20science,The time is now 2:24 AM GMT
computer%20science,The time is now 2:24 AM GMT
university%20of%20york,My name is Hilman.
What can you do?,I can help you with answering queries regarding UCAS Clearing.
What time is it?,The time is now 2:30 AM GMT
Guide on application process,Of course! Which course are you specifically looking for?
what%20is%20clearing?,UCAS Clearing is a process that allows students who haven't secured a place at university to find available courses.
bonjour,My name is Hilman.
do%20you%20know%20about%20clearing?,"To apply through UCAS Clearing, you'll need to search for available courses on the UCAS website, contact universities directly, and submit applications through UCAS Track."
what%20kind%20of%20color%20is%20this,The time is now 2:33 AM GMT
What can you do?,I can help you with answering queries regarding UCAS Clearing.
What time is it?,The time is now 2:36 AM GMT
bonjour,My name is Hilman.
Nothing,What?
Nothing,What?
Nothing,What?
who%20are%20you?,I am a Python powered ChatBot.
who%20are%20you?,I am a Python powered ChatBot.
What time is it?,The time is now 2:48 AM GMT
hello,Hello there!
hello,Hello there!
um,RobotSays:
idk,There are some things I just don't know about yet.
what%20do%20u%20mean,Heyya!
hellp,"Hi, I am Hilman!"
hello,"Hi, I am Hilman!"
hello,"Hi, I am Hilman!"
contact%20for%20university%20of%20york,"To contact the University of York for a position in Economics through Clearing, visit <a href=""User
https://www.york.ac.uk/study/undergraduate/clearing/"">UoY Clearing contact page</a> or call their dedicated Clearing hotline at 01904 324000."
hello,"Hi, I am Hilman!"
hello,"Hi, I am Hilman!"
What can you do?,I can help you with answering queries regarding UCAS Clearing.
dina%20comel,Maybe learn something from you as well...
Find%20upcoming%20UCAS%20events?,"You can find upcoming UCAS events by visiting this link: <a href=""User
https://www.ucas.com/ucas-events""> UCAS Event</a>. It provides information about various events organized by UCAS."
what%20date%20is%20it,"Today is Thursday, 3/14/2024"
idknull,There are some things I just don't know about yet.
how%20about%20cocoa%20joe's,"I'm fine, thank you!"
thank%20you,"Yes, how may I help?"
who%20are%20you?,I am a Python powered ChatBot.
who%20are%20you,I am a Python powered ChatBot.
do%20we%20know%20each%20other,The time is now 3:13 AM GMT
What can you do?,I can help you with answering queries regarding UCAS Clearing.
What time is it?,The time is now 3:13 AM GMT
Guide on application process,Of course! Which course are you specifically looking for?
What can you do?,I can help you with answering queries regarding UCAS Clearing.
What time is it?,The time is now 1:45 PM GMT
contact%20for%20university%20of%20york,"To contact the University of York for a position in Economics through Clearing, visit <a href=""User
https://www.york.ac.uk/study/undergraduate/clearing/"">UoY Clearing contact page</a> or call their dedicated Clearing hotline at 01904 324000."
What time is it?,The time is now 1:31 PM GMT
What time is it?,The time is now 1:41 PM GMT
What can you do?,I can help you with answering queries regarding UCAS Clearing.
clearing%20in%20malaysia,UCAS Clearing is a process that allows students who haven't secured a place at university to find available courses.
What can you do?,I can help you with answering queries regarding UCAS Clearing.
What time is it?,The time is now 9:08 PM GMT
What can you do?,I can help you with answering queries regarding UCAS Clearing.
What time is it?,The time is now 9:15 PM GMT
Guide on application process,Of course! Which course are you specifically looking for?
Computer%20Science,
What%20courses%20are%20available%20at%20the%20University%20of%20York?,
What time is it?,The time is now 10:30 PM GMT
What%20courses%20are%20available%20at%20Uni%20of%20York?,"At the moment, the courses available at the University of York are BSc Economics and BEng Computer Science."
Is%20there%20a%20spot%20left%20in%20BSc%20Computer%20Science%20at%20York%20Uni?,
What can you do?,I can help you with answering queries regarding UCAS Clearing.
What time is it?,The time is now 0:39 AM GMT
what%20are%20available%20courses%20at%20uni%20of%20sheffield?,"At the moment, the courses available at the University of York are BSc Economics and BEng Computer Science."
What time is it?,The time is now 0:41 AM GMT
is%20there%20vacancy%20for%20computer%20science%20at%20the%20uni%20of%20york?,
vacancy?,RobotSays:
What can you do?,I can help you with answering queries regarding UCAS Clearing.
What time is it?,The time is now 1:09 AM GMT
Hello,"Hi, I am Hilman!"
Hello,"Hi, I am Hilman!"
Hi,Oh hey!
Are%20there%20any%20vacancies%20for%20BSc%20Computer%20Science%20at%20University%20of%20York?,
Can%20I%20apply%20for%20comp%20sci%20at%20York%20Uni,
Translate%20'Hello'%20to%20French,Bonjour.
What's%20the%20weather%20like%20today?,The time is now 1:12 AM GMT
course?,"There are no additional fees for using UCAS Clearing. However, standard application fees may apply when applying to universities through UCAS."
"2.%20Course%20Vacancy%20Inquiry%20Test:%20Ask%20about%20course%20vacancies%20using%20exact%20names%20from%20your%20course_vacancies.csv%20(e.g.,%20%22Are%20there%20any%20vacancies%20for%20BSc%20Computer%20Science%20at%20University%20of%20York?%22).%20%20Expected%20Outcome:%20The%20chatbot%20should%20accurately%20identify%20the%20course%20and%20university%20entities%20and%20respond%20whether%20there%20are%20vacancies%20based%20on%20the%20course_vacancies.csv%20data.%20%20Variation:%20Use%20slight%20variations%20or%20synonyms%20for%20course%20and%20university%20names%20to%20test%20the%20NER%20and%20fuzzy%20matching%20capabilities%20(e.g.,%20%22Can%20I%20apply%20for%20comp%20sci%20at%20York%20Uni?%22).%20%20Expected%20Outcome:%20The%20chatbot%20should%20still%20recognize%20the%20entities%20and%20provide%20the%20correct%20vacancy%20information,%20demonstrating%20effective%20entity%20recognition%20and%20matching.",You can typically contact the university admissions office by phone or email to discuss changing your mind about a Clearing offer. Be sure to have your UCAS Personal ID and Clearing number ready when contacting them.
What time is it?,The time is now 1:28 AM GMT
vacancies%20at%20uni%20of%20york,"To contact the University of York for a position in Economics through Clearing, visit <a href=""User
https://www.york.ac.uk/study/undergraduate/clearing/"">UoY Clearing contact page</a> or call their dedicated Clearing hotline at 01904 324000."
vacancies%20at%20uni%20of%20sheffield,
What time is it?,The time is now 1:36 AM GMT
vacancies%20at%20uni%20of%20york%20?,"To contact the University of York for a position in Economics through Clearing, visit <a href=""User
https://www.york.ac.uk/study/undergraduate/clearing/"">UoY Clearing contact page</a> or call their dedicated Clearing hotline at 01904 324000."
weather?,Hello!
Hello!,"Hi, I am Hilman!"
What time is it?,The time is now 2:03 AM GMT
What can you do?,I can help you with answering queries regarding UCAS Clearing.
Guide on application process,Of course! Which course are you specifically looking for?
Computer%20Science,"To contact the University of York for a position in Computer Science through Clearing, visit <a href=""
https://www.york.ac.uk/study/undergraduate/clearing/"">UoY Clearing contact page</a> or call their dedicated Clearing hotline at 01904 324000."
is%20there%20a%20vacancy%20at%20uni%20of%20sheffield?,"To contact the University of Sheffield for a position in Economics through Clearing, visit <a href=""https://www.sheffield.ac.uk/clearing"">Clearing contact page</a> or call their dedicated Clearing hotline at (0)114 212 9900."
how%20about%20electrical%20engineering?,"To contact the University of York for a position in Computer Science through Clearing, visit <a href=""https://www.york.ac.uk/study/undergraduate/clearing/"">UoY Clearing contact page</a> or call their dedicated Clearing hotline at 01904 324000."
Guide on application process,Of course! Which course are you specifically looking for?
economics,What?
electrical%20engineering,"To contact the University of York for a position in Computer Science through Clearing, visit <a href=""https://www.york.ac.uk/study/undergraduate/clearing/"">UoY Clearing contact page</a> or call their dedicated Clearing hotline at 01904 324000."
courses%20available%20at%20uni%20of%20sheffield?,"At the moment, the courses available at the University of Sheffield are MEng Electrical Engineering and BEng Computer Science."
can%20i%20apply%20for%20beng%20computer%20science%20at%20uni%20of%20sheffield?,"To contact the University of Sheffield for a position in Computer Science through Clearing, visit <a href=""https://www.sheffield.ac.uk/clearing"">Clearing contact page</a> or call their dedicated Clearing hotline at (0)114 212 9900."
can%20i%20apply%20through%20you?,"To apply through UCAS Clearing, you'll need to search for available courses on the UCAS website, contact universities directly, and submit applications through UCAS Track."
thank%20you,"Yes, how may I help?"
What time is it?,The time is now 2:13 AM GMT
What can you do?,I can help you with answering queries regarding UCAS Clearing.
Guide on application process,Of course! Which course are you specifically looking for?
Economics,What?
Computer%20Science,"To contact the University of York for a position in Computer Science through Clearing, visit <a href=""
https://www.york.ac.uk/study/undergraduate/clearing/"">UoY Clearing contact page</a> or call their dedicated Clearing hotline at 01904 324000."
Thank%20you,No problem!
Okay,Is there anything else that I can help you with?
Alright,Is there anything else that I can help you with?
Hello,"Hi, I am Hilman!"
Hello,"Hi, I am Hilman!"
vacancy%20at%20uni%20of%20york,"To contact the University of York for a position in Economics through Clearing, visit <a href=""
https://www.york.ac.uk/study/undergraduate/clearing/"">UoY Clearing contact page</a> or call their dedicated Clearing hotline at 01904 324000."
vacancy%20at%20uni%20of%20york,"To contact the University of York for a position in Economics through Clearing, visit <a href=""
https://www.york.ac.uk/study/undergraduate/clearing/"">UoY Clearing contact page</a> or call their dedicated Clearing hotline at 01904 324000."
Is%20there%20a%20vacancy%20for%20Computer%20Science%20at%20University%20of%20York?,"To contact the University of York for a position in Computer Science through Clearing, visit <a href=""
https://www.york.ac.uk/study/undergraduate/clearing/"">UoY Clearing contact page</a> or call their dedicated Clearing hotline at 01904 324000."
Hello,"Hi, I am Hilman!"
"%20chatbot%20chatbot%20100%25%2010%20A44%20%20Schedule%20of%20UCAS%20events?%20%20%20%20%20%20%09%20Schedule%20of%20UCAS%20events?%20Turn%20on%20screen%20reader%20support%20%20%20To%20enable%20screen%20reader%20support,%20press%20Ctrl+Alt+Z%20To%20learn%20about%20keyboard%20shortcuts,%20press%20Ctrl+slash",You can typically contact the university admissions office by phone or email to discuss changing your mind about a Clearing offer. Be sure to have your UCAS Personal ID and Clearing number ready when contacting them.
What%20courses%20available%20University%20of%20Southampton?,"At the moment, the courses available at the University of Southampton are BSc Accounting and Finance and BEng Computer Science."
What%20courses%20available%20University%20of%20Southampton?,"At the moment, the courses available at the University of Southampton are BSc Accounting and Finance and BEng Computer Science."
can%20you%20translate?,I know some basics.
translate%20'my%20name%20is%20dina'%20to%20french,Mon nom est Dina.
courses%20available%20at%20uni%20of%20york,"At the moment, the courses available at the University of York are BSc Economics and BEng Computer Science."
hello,"Hi, I am Hilman!"
translate,"Sorry, I couldn't understand the translation request. Please use the format: 'Translate [text] to [language].'"
translate,"Sorry, I couldn't understand the translation request. Please use the format: 'Translate [text] to [language].'"
translate,"Sorry, I couldn't understand the translation request. Please use the format: 'Translate [text] to [language].'"
Are%20there%20any%20vacancies%20for%20Economics%20at%20University%20of%20York?,"To contact the University of York for a position in Economics through Clearing, visit <a href=""
https://www.york.ac.uk/study/undergraduate/clearing/"">UoY Clearing contact page</a> or call their dedicated Clearing hotline at 01904 324000."
How%20are%20you?,"I'm fine, thank you!"
What's%20the%20weather%20like%20in%20Paris?,"Today is Sunday, 3/17/2024"
What time is it?,The time is now 2:39 AM GMT
are%20there%20available%20courses%20at%20university%20of%20york?,"At the moment, the courses available at the University of York are BSc Economics and BEng Computer Science."
is%20there%20vacancy%20for%20economics%20at%20university%20of%20york?,"To contact the University of York for a position in Economics through Clearing, visit <a href=""
https://www.york.ac.uk/study/undergraduate/clearing/"">UoY Clearing contact page</a> or call their dedicated Clearing hotline at 01904 324000."
What time is it?,The time is now 2:46 AM GMT
is%20there%20vacancy%20at%20university%20of%20york?,"At the moment, the courses available at the University of York are BSc Economics and BEng Computer Science."
helloo,"Hi, I am Hilman!"
how%20are%20you?,"I'm fine, thank you!"
Hello,"Hey there, nice to see you!"
Hello,"Hi, I am Hilman!"
Hello,"Hey there, nice to see you!"
What can you do?,I can help you with answering queries regarding UCAS Clearing.
Guide on application process,Of course! Which course are you specifically looking for?
Computer%20Science,"To contact the University of York for a position in Computer Science through Clearing, visit <a href=""
https://www.york.ac.uk/study/undergraduate/clearing/"">UoY Clearing contact page</a> or call their dedicated Clearing hotline at 01904 324000."
Hello,Hello there!
What time is it?,The time is now 2:52 AM GMT
What can you do?,I can help you with answering queries regarding UCAS Clearing.
Guide on application process,"Of course! Which course, and which uni are you specifically looking for?"
Economics%20at%20University%20of%20York,"To contact the University of York for a position in Economics through Clearing, visit <a href=""
https://www.york.ac.uk/study/undergraduate/clearing/"">UoY Clearing contact page</a> or call their dedicated Clearing hotline at 01904 324000."
are%20there%20fees%20to%20apply?,"Today is Sunday, 3/17/2024"
What time is it?,The time is now 2:55 AM GMT
Guide on application process,"Of course! Which course, and which uni are you specifically looking for?"
Electrical%20Engineering%20at%20Uni%20of%20Lancaster,"To contact the University of Lancaster for a position in Electrical Electronic Engineering through Clearing, visit <a href=""https://www.lancaster.ac.uk/digital-ambassadors/applying-for-clearing/"">Clearing contact page</a> or call their dedicated Clearing hotline at 0800 298 9542."
are%20there%20application%20fees?,"Of course! Which course, and which uni are you specifically looking for?"
What can you do?,I can help you with answering queries regarding UCAS Clearing.
What time is it?,The time is now 2:59 AM GMT
Guide on application process,"Of course! Which course, and which uni are you specifically looking for?"
Economics%20at%20Uni%20of%20York,"To contact the University of York for a position in Economics through Clearing, visit <a href=""
https://www.york.ac.uk/study/undergraduate/clearing/"">UoY Clearing contact page</a> or call their dedicated Clearing hotline at 01904 324000."
are%20there%20vacancy%20at%20university%20of%20york?,"To contact the University of York for a position in Computer Science through Clearing, visit <a href=""
https://www.york.ac.uk/study/undergraduate/clearing/"">UoY Clearing contact page</a> or call their dedicated Clearing hotline at 01904 324000."
Are%20there%20vacancies%20for%20BSc%20Economics%20at%20University%20of%20York?,"No, there are no vacancies for BSc Economics at University of York."
Any%20available%20courses%20at%20University%20of%20Lancaster?,"At the moment, the courses available at the University of York are BSc Economics and BEng Computer Science."
Are%20there%20vacancies%20for%20Economics%20at%20University%20of%20York?,"To contact the University of York for a position in Economics through Clearing, visit <a href=""
https://www.york.ac.uk/study/undergraduate/clearing/"">UoY Clearing contact page</a> or call their dedicated Clearing hotline at 01904 324000."
Are%20there%20vacancies%20for%20BSc%20Computer%20science%20at%20University%20of%20York?,"No, there are no vacancies for Computer science at University of York."
I'm%20interested%20in%20Economics%20at%20University%20of%20Lancaster.%20Are%20there%20any%20vacancies?,"To contact the University of Lancaster for a position in Economics through Clearing, visit <a href=""https://www.lancaster.ac.uk/digital-ambassadors/applying-for-clearing/"">Clearing contact page</a> or call their dedicated Clearing hotline at 0800 298 9542."
Are%20there%20vacancies%20for%20BSc%20Computer%20science%20at%20University%20of%20Sheffield?,"No, there are no vacancies for Computer science at University of Sheffield."
Are%20there%20vacancies%20for%20Chemical%20engineering%20at%20University%20of%20York?,"Yes, there are vacancies for Chemical engineering at University of York."
Can%20I%20still%20apply%20for%20Electrical%20and%20Electronics%20at%20York?,"To contact the University of York for a position in Computer Science through Clearing, visit <a href=""https://www.york.ac.uk/study/undergraduate/clearing/"">UoY Clearing contact page</a> or call their dedicated Clearing hotline at 01904 324000."
Hello,"Hi, I am Hilman!"
Hello,"Hi, I am Hilman!"
Hi,Oh hey!
Hello,Hello there!
Hello,Hello there!
Hello,Hello there!
Hello,"Hi, I am Hilman!"
Hi,Oh hey!
Hello,"Hi, I am Hilman!"
What can you do?,I can help you with answering queries regarding UCAS Clearing.
What time is it?,The time is now 3:25 AM GMT
Guide on application process,"Of course! Which course, and which uni are you specifically looking for?"
Economics%20at%20University%20of%20York,"To contact the University of York for a position in Economics through Clearing, visit <a href=""
https://www.york.ac.uk/study/undergraduate/clearing/"">UoY Clearing contact page</a> or call their dedicated Clearing hotline at 01904 324000."
Guide on application process,"Of course! Which course, and which uni are you specifically looking for?"
Economics%20at%20University%20of%20York,"At the moment, the courses available at the University of York are BSc Economics and BEng Computer Science."
How%20to%20contact%20them?,The time is now 3:26 AM GMT
Guide on application process,"Of course! Which course, and which uni are you specifically looking for?"
Economics%20at%20Uni%20of%20Lancaster,"To contact the University of Lancaster for a position in Economics through Clearing, visit <a href=""https://www.lancaster.ac.uk/digital-ambassadors/applying-for-clearing/"">Clearing contact page</a> or call their dedicated Clearing hotline at 0800 298 9542."
Bye,"See you soon, goodbye!"
Is%20there%20availability%20for%20Economics%20at%20Uni%20of%20Lancaster?,"To contact the University of Lancaster for a position in Economics through Clearing, visit <a href=""https://www.lancaster.ac.uk/digital-ambassadors/applying-for-clearing/"">Clearing contact page</a> or call their dedicated Clearing hotline at 0800 298 9542."
Is%20there%20vacancy%20for%20Economics%20at%20Uni%20of%20Lancaster?,"To contact the University of Lancaster for a position in Economics through Clearing, visit <a href=""https://www.lancaster.ac.uk/digital-ambassadors/applying-for-clearing/"">Clearing contact page</a> or call their dedicated Clearing hotline at 0800 298 9542."
Are%20there%20vacancies%20for%20Economics%20at%20Uni%20of%20Lancaster?,"To contact the University of Lancaster for a position in Economics through Clearing, visit <a href=""https://www.lancaster.ac.uk/digital-ambassadors/applying-for-clearing/"">Clearing contact page</a> or call their dedicated Clearing hotline at 0800 298 9542."
Are%20there%20vacancies%20for%20Economics%20at%20Uni%20of%20Lancaster?,"To contact the University of Lancaster for a position in Economics through Clearing, visit <a href=""https://www.lancaster.ac.uk/digital-ambassadors/applying-for-clearing/"">Clearing contact page</a> or call their dedicated Clearing hotline at 0800 298 9542."
any%20available%20courses%20at%20university%20of%20lancaster?,"At the moment, the courses available at the University of York are BSc Economics and BEng Computer Science."
are%20there%20vacancy%20at%20university%20of%20york?,"To contact the University of York for a position in Computer Science through Clearing, visit <a href=""
https://www.york.ac.uk/study/undergraduate/clearing/"">UoY Clearing contact page</a> or call their dedicated Clearing hotline at 01904 324000."
Guide on application process,"Of course! Which course, and which uni are you specifically looking for?"
What can you do?,I can help you with answering queries regarding UCAS Clearing.
What time is it?,The time is now 3:33 AM GMT
Hello,Hello there!
Hello,Hello there!
Hello%20,Hello there!
Hello,Hello there!
Hello,"Hello there! | Hey there, nice to see you! | Hi, I am Hilman!"
Hello,"Hey there, nice to see you!"
hello,"Hi, I am Hilman!"
Hello,Hello there!
what%20are%20the%20available%20courses%20at%20university%20of%20york?,"At the moment, the courses available at the University of York are BSc Economics and BEng Computer Science."
what%20are%20the%20available%20courses%20at%20university%20of%20york?,"At the moment, the courses available at the University of York are BSc Economics and BEng Computer Science."
can%20i%20still%20apply%20for%20computer%20science%20at%20university%20of%20lancaster?,"Yes, there are vacancies for computer science at university of lancaster."
how%20can%20i%20apply?,"To apply through UCAS Clearing, you'll need to search for available courses on the UCAS website, contact universities directly, and submit applications through UCAS Track."
"Hi,%20I'm%20interested%20in%20Computer%20Science","To find UCAS events, simply follow this link: <a href=""User
https://www.ucas.com/ucas-events""> UCAS Event</a>. You'll discover a list of upcoming events and how to register."
Hello,"Hi, I am Hilman!"
Hello,Hello there!
available%20courses%20at%20university%20of%20york?,"At the moment, the courses available at the University of York are BSc Economics and BEng Computer Science."
how%20to%20apply,"I'm fine, thank you!"
how%20to%20apply%20to%20the%20economics?,"To apply through UCAS Clearing, you'll need to search for available courses on the UCAS website, contact universities directly, and submit applications through UCAS Track."
how%20to%20apply%20to%20economics%20at%20university%20of%20york?,"To contact the University of York for a position in Economics through Clearing, visit <a href=""
https://www.york.ac.uk/study/undergraduate/clearing/"">UoY Clearing contact page</a> or call their dedicated Clearing hotline at 01904 324000."
What can you do?,I can help you with answering queries regarding UCAS Clearing.
What time is it?,The time is now 2:01 PM GMT
Guide on application process,"Of course! Which course, and which uni are you specifically looking for?"
economics%20at%20university%20of%20york,"To contact the University of York for a position in Economics through Clearing, visit <a href=""
https://www.york.ac.uk/study/undergraduate/clearing/"">UoY Clearing contact page</a> or call their dedicated Clearing hotline at 01904 324000."
is%20there%20vacancy%20at%20uni%20of%20lancaster%20for%20computer%20science?,"To contact the University of Lancaster for a position in Computer Science through Clearing, visit <a href=""https://www.lancaster.ac.uk/digital-ambassadors/applying-for-clearing/"">Clearing contact page</a> or call their dedicated Clearing hotline at 0800 298 9542."
Nothing,One more time?
What time is it?,The time is now 2:45 PM GMT
What can you do?,I can help you with answering queries regarding UCAS Clearing.
is%20there%20a%20vacancy%20at%20uni%20of%20york%20for%20economics?,"To contact the University of York for a position in Economics through Clearing, visit <a href=""
https://www.york.ac.uk/study/undergraduate/clearing/"">UoY Clearing contact page</a> or call their dedicated Clearing hotline at 01904 324000."
